customer_name,Total_amount
Customer_93094,181569.68000000005
Customer_64560,169060.39999999997
Customer_23289,161573.8
Customer_52275,153364.78999999998
Customer_61218,153067.55
Customer_52034,152680.05
Customer_40442,151037.32000000004
Customer_60528,148691.95
Customer_84830,148363.84
Customer_82593,148281.04
